Bankroll ($),600,,,,,,,,,
Player,Stat,Book,Line,Odds,Your Edge%,Implied Prob,EV%,Kelly Units,Recommendation,Notes
Zion,AST,FanDuel,4.5,110,5,,,,
LeBron,PTS,DraftKings,26.5,-115,4,,,,
Jokic,REB,BetMGM,12.5,-110,6,,,,
Curry,3PT,Caesars,3.5,100,3,,,,
Giannis,PTS,PointsBet,30.5,-105,5,,,,
Luka,AST,Kalshi,8.5,-110,4,,,,
Tatum,REB,Novig,8.5,105,2,,,,
Embiid,PTS,Prophet Exchange,28.5,-110,7,,,,
Anthony Davis,BLK,Pinnacle,1.5,-120,4,,,,
Donovan Mitchell,3PT,BetUS,2.5,-110,5,,,,
Ja Morant,PTS,Rebet,24.5,110,3,,,,
Trae Young,AST,MyBookie,10.5,-115,6,,,,
Jaylen Brown,REB,ESPN BET,5.5,-110,4,,,,
Devin Booker,PTS,BetRivers,26.5,100,5,,,,
Bam Adebayo,REB,WynnBET,9.5,-110,3,,,,
Kawhi,PTS,bet365,22.5,-105,4,,,,
Harden,AST,Bovada,8.5,110,5,,,,
KD,PTS,Unibet,27.5,-110,6,,,,
Steph,3PT,Pinnacle,4.5,-115,4,,,,
Jimmy Butler,PTS,BetUS,21.5,-110,5,,,,
,,,,,,,,,
,,,,,,,,,
,,,,,,,,,
,,,,,,,,,
,,,,,,,,,
,,,,,,,,,
,,,,,,,,,
,,,,,,,,,
,,,,,,,,,
,,,,,,,,,
,,,,,,,,,
,,,,,,,,,
,,,,,,,,,
,,,,,,,,,
,,,,,,,,,
,,,,,,,,,
,,,,,,,,,
,,,,,,,,,
,,,,,,,,,
,,,,,,,,,
,,,,,,,,,
,,,,,,,,,
,,,,,,,,,
,,,,,,,,,
,,,,,,,,,
,,,,,,,,,
,,,,,,,,,
,,,,,,,,,
,,,,,,,,,
,,,,,,,,,
,,,,,,,,,
,,,,,,,,,
,,,,,,,,,
,,,,,,,,,
,,,,,,,,,
,,,,,,,,,
,,,,,,,,,
,,,,,,,,
